пїњгВѓгГ™гВ®гВ§гГЖгВ£гГЦдЇЛж•≠йГ®,,гГ™гГЯгГГгГИ,,,,,,
з≠ЙзіЪ,зµ¶жЦЩй°Н,дЄАиИђ,еЙѓдЄїдїї,дЄїдїї,дњВйХЈ,и™≤йХЈ,жђ°йХЈ,йГ®йХЈ
1,300000,вЧЛ,вЧЛ,вЧЛ,вЧЛ,вЧЛ,,
2,301500,вЧЛ,вЧЛ,вЧЛ,вЧЛ,вЧЛ,,
3,303000,вЧЛ,вЧЛ,вЧЛ,вЧЛ,вЧЛ,,
4,304500,вЧЛ,вЧЛ,вЧЛ,вЧЛ,вЧЛ,,
5,306000,вЧЛ,вЧЛ,вЧЛ,вЧЛ,вЧЛ,,
6,307500,вЧЛ,вЧЛ,вЧЛ,вЧЛ,вЧЛ,,
7,309000,вЧЛ,вЧЛ,вЧЛ,вЧЛ,вЧЛ,,
8,310500,вЧЛ,вЧЛ,вЧЛ,вЧЛ,вЧЛ,,
9,312000,вЧЛ,вЧЛ,вЧЛ,вЧЛ,вЧЛ,,
10,313500,вЧЛ,вЧЛ,вЧЛ,вЧЛ,вЧЛ,,
11,315000,вЧЛ,вЧЛ,вЧЛ,вЧЛ,вЧЛ,,
12,316500,вЧЛ,вЧЛ,вЧЛ,вЧЛ,вЧЛ,,
13,318000,вЧЛ,вЧЛ,вЧЛ,вЧЛ,вЧЛ,,
14,319500,вЧЛ,вЧЛ,вЧЛ,вЧЛ,вЧЛ,,
15,321000,вЧЛ,вЧЛ,вЧЛ,вЧЛ,вЧЛ,,
16,322500,вЧЛ,вЧЛ,вЧЛ,вЧЛ,вЧЛ,,
17,324000,вЧЛ,вЧЛ,вЧЛ,вЧЛ,вЧЛ,,
18,325500,вЧЛ,вЧЛ,вЧЛ,вЧЛ,вЧЛ,,
19,327000,вЧЛ,вЧЛ,вЧЛ,вЧЛ,вЧЛ,,
20,328500,вЧЛ,вЧЛ,вЧЛ,вЧЛ,вЧЛ,,
21,330000,вЧЛ,вЧЛ,вЧЛ,вЧЛ,вЧЛ,,
22,331500,вЧЛ,вЧЛ,вЧЛ,вЧЛ,вЧЛ,,
23,333000,вЧЛ,вЧЛ,вЧЛ,вЧЛ,вЧЛ,,
24,334500,вЧЛ,вЧЛ,вЧЛ,вЧЛ,вЧЛ,,
25,336000,вЧЛ,вЧЛ,вЧЛ,вЧЛ,вЧЛ,,
26,337500,вЧЛ,вЧЛ,вЧЛ,вЧЛ,вЧЛ,,
27,339000,вЧЛ,вЧЛ,вЧЛ,вЧЛ,вЧЛ,,
28,340500,вЧЛ,вЧЛ,вЧЛ,вЧЛ,вЧЛ,,
29,342000,вЧЛ,вЧЛ,вЧЛ,вЧЛ,вЧЛ,,
30,343500,вЧЛ,вЧЛ,вЧЛ,вЧЛ,вЧЛ,,
31,345000,вЧЛ,вЧЛ,вЧЛ,вЧЛ,вЧЛ,,
32,346500,вЧЛ,вЧЛ,вЧЛ,вЧЛ,вЧЛ,,
33,348000,вЧЛ,вЧЛ,вЧЛ,вЧЛ,вЧЛ,,
34,349500,вЧЛ,вЧЛ,вЧЛ,вЧЛ,вЧЛ,,
35,351000,вЧЛ,вЧЛ,вЧЛ,вЧЛ,вЧЛ,,
36,352500,вЧЛ,вЧЛ,вЧЛ,вЧЛ,вЧЛ,,
37,354000,вЧЛ,вЧЛ,вЧЛ,вЧЛ,вЧЛ,,
38,355500,вЧЛ,вЧЛ,вЧЛ,вЧЛ,вЧЛ,,
39,357000,вЧЛ,вЧЛ,вЧЛ,вЧЛ,вЧЛ,,
40,358500,вЧЛ,вЧЛ,вЧЛ,вЧЛ,вЧЛ,вЧЛ,вЧЛ
41,360000,вЧЛ,вЧЛ,вЧЛ,вЧЛ,вЧЛ,вЧЛ,вЧЛ
42,361500,вЧЛ,вЧЛ,вЧЛ,вЧЛ,вЧЛ,вЧЛ,вЧЛ
43,363000,вЧЛ,вЧЛ,вЧЛ,вЧЛ,вЧЛ,вЧЛ,вЧЛ
44,364500,вЧЛ,вЧЛ,вЧЛ,вЧЛ,вЧЛ,вЧЛ,вЧЛ
45,366000,вЧЛ,вЧЛ,вЧЛ,вЧЛ,вЧЛ,вЧЛ,вЧЛ
46,367500,вЧЛ,вЧЛ,вЧЛ,вЧЛ,вЧЛ,вЧЛ,вЧЛ
47,369000,вЧЛ,вЧЛ,вЧЛ,вЧЛ,вЧЛ,вЧЛ,вЧЛ
48,370500,вЧЛ,вЧЛ,вЧЛ,вЧЛ,вЧЛ,вЧЛ,вЧЛ
49,372000,вЧЛ,вЧЛ,вЧЛ,вЧЛ,вЧЛ,вЧЛ,вЧЛ
50,373500,вЧЛ,вЧЛ,вЧЛ,вЧЛ,вЧЛ,вЧЛ,вЧЛ
51,375000,,вЧЛ,вЧЛ,вЧЛ,вЧЛ,вЧЛ,вЧЛ
52,376500,,вЧЛ,вЧЛ,вЧЛ,вЧЛ,вЧЛ,вЧЛ
53,378000,,вЧЛ,вЧЛ,вЧЛ,вЧЛ,вЧЛ,вЧЛ
54,379500,,вЧЛ,вЧЛ,вЧЛ,вЧЛ,вЧЛ,вЧЛ
55,381000,,вЧЛ,вЧЛ,вЧЛ,вЧЛ,вЧЛ,вЧЛ
56,382500,,вЧЛ,вЧЛ,вЧЛ,вЧЛ,вЧЛ,вЧЛ
57,384000,,вЧЛ,вЧЛ,вЧЛ,вЧЛ,вЧЛ,вЧЛ
58,385500,,вЧЛ,вЧЛ,вЧЛ,вЧЛ,вЧЛ,вЧЛ
59,387000,,вЧЛ,вЧЛ,вЧЛ,вЧЛ,вЧЛ,вЧЛ
60,388500,,вЧЛ,вЧЛ,вЧЛ,вЧЛ,вЧЛ,вЧЛ
61,390000,,вЧЛ,вЧЛ,вЧЛ,вЧЛ,вЧЛ,вЧЛ
62,391500,,вЧЛ,вЧЛ,вЧЛ,вЧЛ,вЧЛ,вЧЛ
63,393000,,вЧЛ,вЧЛ,вЧЛ,вЧЛ,вЧЛ,вЧЛ
64,394500,,вЧЛ,вЧЛ,вЧЛ,вЧЛ,вЧЛ,вЧЛ
65,396000,,вЧЛ,вЧЛ,вЧЛ,вЧЛ,вЧЛ,вЧЛ
66,397500,,вЧЛ,вЧЛ,вЧЛ,вЧЛ,вЧЛ,вЧЛ
67,399000,,вЧЛ,вЧЛ,вЧЛ,вЧЛ,вЧЛ,вЧЛ
68,400500,,вЧЛ,вЧЛ,вЧЛ,вЧЛ,вЧЛ,вЧЛ
69,402000,,вЧЛ,вЧЛ,вЧЛ,вЧЛ,вЧЛ,вЧЛ
70,403500,,вЧЛ,вЧЛ,вЧЛ,вЧЛ,вЧЛ,вЧЛ
71,405000,,,вЧЛ,вЧЛ,вЧЛ,вЧЛ,вЧЛ
72,406500,,,вЧЛ,вЧЛ,вЧЛ,вЧЛ,вЧЛ
73,408000,,,вЧЛ,вЧЛ,вЧЛ,вЧЛ,вЧЛ
74,409500,,,вЧЛ,вЧЛ,вЧЛ,вЧЛ,вЧЛ
75,411000,,,вЧЛ,вЧЛ,вЧЛ,вЧЛ,вЧЛ
76,412500,,,вЧЛ,вЧЛ,вЧЛ,вЧЛ,вЧЛ
77,414000,,,вЧЛ,вЧЛ,вЧЛ,вЧЛ,вЧЛ
78,415500,,,вЧЛ,вЧЛ,вЧЛ,вЧЛ,вЧЛ
79,417000,,,вЧЛ,вЧЛ,вЧЛ,вЧЛ,вЧЛ
80,418500,,,вЧЛ,вЧЛ,вЧЛ,вЧЛ,вЧЛ
81,420000,,,,вЧЛ,вЧЛ,вЧЛ,вЧЛ
82,421500,,,,вЧЛ,вЧЛ,вЧЛ,вЧЛ
83,423000,,,,вЧЛ,вЧЛ,вЧЛ,вЧЛ
84,424500,,,,вЧЛ,вЧЛ,вЧЛ,вЧЛ
85,426000,,,,вЧЛ,вЧЛ,вЧЛ,вЧЛ
86,427500,,,,вЧЛ,вЧЛ,вЧЛ,вЧЛ
87,429000,,,,вЧЛ,вЧЛ,вЧЛ,вЧЛ
88,430500,,,,вЧЛ,вЧЛ,вЧЛ,вЧЛ
89,432000,,,,вЧЛ,вЧЛ,вЧЛ,вЧЛ
90,433500,,,,вЧЛ,вЧЛ,вЧЛ,вЧЛ
91,435000,,,,,вЧЛ,вЧЛ,вЧЛ
92,436500,,,,,вЧЛ,вЧЛ,вЧЛ
93,438000,,,,,вЧЛ,вЧЛ,вЧЛ
94,439500,,,,,вЧЛ,вЧЛ,вЧЛ
95,441000,,,,,вЧЛ,вЧЛ,вЧЛ
96,442500,,,,,вЧЛ,вЧЛ,вЧЛ
97,444000,,,,,вЧЛ,вЧЛ,вЧЛ
98,445500,,,,,вЧЛ,вЧЛ,вЧЛ
99,447000,,,,,вЧЛ,вЧЛ,вЧЛ
100,448500,,,,,вЧЛ,вЧЛ,вЧЛ
101,450000,,,,,,вЧЛ,вЧЛ
102,451500,,,,,,вЧЛ,вЧЛ
103,453000,,,,,,вЧЛ,вЧЛ
104,454500,,,,,,вЧЛ,вЧЛ
105,456000,,,,,,вЧЛ,вЧЛ
106,457500,,,,,,вЧЛ,вЧЛ
107,459000,,,,,,вЧЛ,вЧЛ
108,460500,,,,,,вЧЛ,вЧЛ
109,462000,,,,,,вЧЛ,вЧЛ
110,463500,,,,,,вЧЛ,вЧЛ
111,465000,,,,,,вЧЛ,вЧЛ
112,466500,,,,,,вЧЛ,вЧЛ
113,468000,,,,,,вЧЛ,вЧЛ
114,469500,,,,,,вЧЛ,вЧЛ
115,471000,,,,,,вЧЛ,вЧЛ
116,472500,,,,,,вЧЛ,вЧЛ
117,474000,,,,,,вЧЛ,вЧЛ
118,475500,,,,,,вЧЛ,вЧЛ
119,477000,,,,,,вЧЛ,вЧЛ
120,478500,,,,,,вЧЛ,вЧЛ
121,480000,,,,,,вЧЛ,вЧЛ
122,481500,,,,,,вЧЛ,вЧЛ
123,483000,,,,,,вЧЛ,вЧЛ
124,484500,,,,,,вЧЛ,вЧЛ
125,486000,,,,,,вЧЛ,вЧЛ
126,487500,,,,,,вЧЛ,вЧЛ
127,489000,,,,,,вЧЛ,вЧЛ
128,490500,,,,,,вЧЛ,вЧЛ
129,492000,,,,,,вЧЛ,вЧЛ
130,493500,,,,,,вЧЛ,вЧЛ
131,495000,,,,,,вЧЛ,вЧЛ
132,496500,,,,,,вЧЛ,вЧЛ
133,498000,,,,,,вЧЛ,вЧЛ
134,499500,,,,,,вЧЛ,вЧЛ
135,501000,,,,,,вЧЛ,вЧЛ
136,502500,,,,,,вЧЛ,вЧЛ
137,504000,,,,,,вЧЛ,вЧЛ
138,505500,,,,,,вЧЛ,вЧЛ
139,507000,,,,,,вЧЛ,вЧЛ
140,508500,,,,,,вЧЛ,вЧЛ
141,510000,,,,,,вЧЛ,вЧЛ
142,511500,,,,,,вЧЛ,вЧЛ
143,513000,,,,,,вЧЛ,вЧЛ
144,514500,,,,,,вЧЛ,вЧЛ
145,516000,,,,,,вЧЛ,вЧЛ
146,517500,,,,,,вЧЛ,вЧЛ
147,519000,,,,,,вЧЛ,вЧЛ
148,520500,,,,,,вЧЛ,вЧЛ
149,522000,,,,,,вЧЛ,вЧЛ
150,523500,,,,,,вЧЛ,вЧЛ
151,525000,,,,,,вЧЛ,вЧЛ
152,526500,,,,,,вЧЛ,вЧЛ
153,528000,,,,,,вЧЛ,вЧЛ
154,529500,,,,,,вЧЛ,вЧЛ
155,531000,,,,,,вЧЛ,вЧЛ
156,532500,,,,,,вЧЛ,вЧЛ
157,534000,,,,,,вЧЛ,вЧЛ
158,535500,,,,,,вЧЛ,вЧЛ
159,537000,,,,,,вЧЛ,вЧЛ
160,538500,,,,,,вЧЛ,вЧЛ
161,540000,,,,,,вЧЛ,вЧЛ
162,541500,,,,,,вЧЛ,вЧЛ
163,543000,,,,,,вЧЛ,вЧЛ
164,544500,,,,,,вЧЛ,вЧЛ
165,546000,,,,,,вЧЛ,вЧЛ
166,547500,,,,,,вЧЛ,вЧЛ
167,549000,,,,,,вЧЛ,вЧЛ
168,550500,,,,,,вЧЛ,вЧЛ
169,552000,,,,,,вЧЛ,вЧЛ
170,553500,,,,,,вЧЛ,вЧЛ
171,555000,,,,,,вЧЛ,вЧЛ
172,556500,,,,,,вЧЛ,вЧЛ
173,558000,,,,,,вЧЛ,вЧЛ
174,559500,,,,,,вЧЛ,вЧЛ
175,561000,,,,,,вЧЛ,вЧЛ
176,562500,,,,,,вЧЛ,вЧЛ
177,564000,,,,,,вЧЛ,вЧЛ
178,565500,,,,,,вЧЛ,вЧЛ
179,567000,,,,,,вЧЛ,вЧЛ
180,568500,,,,,,вЧЛ,вЧЛ
181,570000,,,,,,вЧЛ,вЧЛ
182,571500,,,,,,вЧЛ,вЧЛ
183,573000,,,,,,вЧЛ,вЧЛ
184,574500,,,,,,вЧЛ,вЧЛ
185,576000,,,,,,вЧЛ,вЧЛ
186,577500,,,,,,вЧЛ,вЧЛ
187,579000,,,,,,вЧЛ,вЧЛ
188,580500,,,,,,вЧЛ,вЧЛ
189,582000,,,,,,вЧЛ,вЧЛ
190,583500,,,,,,вЧЛ,вЧЛ
191,585000,,,,,,вЧЛ,вЧЛ
192,586500,,,,,,вЧЛ,вЧЛ
193,588000,,,,,,вЧЛ,вЧЛ
194,589500,,,,,,вЧЛ,вЧЛ
195,591000,,,,,,вЧЛ,вЧЛ
196,592500,,,,,,вЧЛ,вЧЛ
197,594000,,,,,,вЧЛ,вЧЛ
198,595500,,,,,,вЧЛ,вЧЛ
199,597000,,,,,,вЧЛ,вЧЛ
200,598500,,,,,,вЧЛ,вЧЛ
