пїњеЦґж•≠йГ®пЉИеЦґж•≠и™≤пЉЙ,,гГ™гГЯгГГгГИ,,,,,,
з≠ЙзіЪ,зµ¶жЦЩй°Н,дЄАиИђ,еЙѓдЄїдїї,дЄїдїї,дњВйХЈ,и™≤йХЈ,жђ°йХЈ,йГ®йХЈ
1,250000,вЧЛ,вЧЛ,вЧЛ,вЧЛ,вЧЛ,,
2,251500,вЧЛ,вЧЛ,вЧЛ,вЧЛ,вЧЛ,,
3,253000,вЧЛ,вЧЛ,вЧЛ,вЧЛ,вЧЛ,,
4,254500,вЧЛ,вЧЛ,вЧЛ,вЧЛ,вЧЛ,,
5,256000,вЧЛ,вЧЛ,вЧЛ,вЧЛ,вЧЛ,,
6,257500,вЧЛ,вЧЛ,вЧЛ,вЧЛ,вЧЛ,,
7,259000,вЧЛ,вЧЛ,вЧЛ,вЧЛ,вЧЛ,,
8,260500,вЧЛ,вЧЛ,вЧЛ,вЧЛ,вЧЛ,,
9,262000,вЧЛ,вЧЛ,вЧЛ,вЧЛ,вЧЛ,,
10,263500,вЧЛ,вЧЛ,вЧЛ,вЧЛ,вЧЛ,,
11,265000,вЧЛ,вЧЛ,вЧЛ,вЧЛ,вЧЛ,,
12,266500,вЧЛ,вЧЛ,вЧЛ,вЧЛ,вЧЛ,,
13,268000,вЧЛ,вЧЛ,вЧЛ,вЧЛ,вЧЛ,,
14,269500,вЧЛ,вЧЛ,вЧЛ,вЧЛ,вЧЛ,,
15,271000,вЧЛ,вЧЛ,вЧЛ,вЧЛ,вЧЛ,,
16,272500,вЧЛ,вЧЛ,вЧЛ,вЧЛ,вЧЛ,,
17,274000,вЧЛ,вЧЛ,вЧЛ,вЧЛ,вЧЛ,,
18,275500,вЧЛ,вЧЛ,вЧЛ,вЧЛ,вЧЛ,,
19,277000,вЧЛ,вЧЛ,вЧЛ,вЧЛ,вЧЛ,,
20,278500,вЧЛ,вЧЛ,вЧЛ,вЧЛ,вЧЛ,,
21,280000,вЧЛ,вЧЛ,вЧЛ,вЧЛ,вЧЛ,,
22,281500,вЧЛ,вЧЛ,вЧЛ,вЧЛ,вЧЛ,,
23,283000,вЧЛ,вЧЛ,вЧЛ,вЧЛ,вЧЛ,,
24,284500,вЧЛ,вЧЛ,вЧЛ,вЧЛ,вЧЛ,,
25,286000,вЧЛ,вЧЛ,вЧЛ,вЧЛ,вЧЛ,,
26,287500,вЧЛ,вЧЛ,вЧЛ,вЧЛ,вЧЛ,,
27,289000,вЧЛ,вЧЛ,вЧЛ,вЧЛ,вЧЛ,,
28,290500,вЧЛ,вЧЛ,вЧЛ,вЧЛ,вЧЛ,,
29,292000,вЧЛ,вЧЛ,вЧЛ,вЧЛ,вЧЛ,,
30,293500,вЧЛ,вЧЛ,вЧЛ,вЧЛ,вЧЛ,,
31,295000,вЧЛ,вЧЛ,вЧЛ,вЧЛ,вЧЛ,,
32,296500,вЧЛ,вЧЛ,вЧЛ,вЧЛ,вЧЛ,,
33,298000,вЧЛ,вЧЛ,вЧЛ,вЧЛ,вЧЛ,,
34,299500,вЧЛ,вЧЛ,вЧЛ,вЧЛ,вЧЛ,,
35,301000,вЧЛ,вЧЛ,вЧЛ,вЧЛ,вЧЛ,,
36,302500,вЧЛ,вЧЛ,вЧЛ,вЧЛ,вЧЛ,,
37,304000,вЧЛ,вЧЛ,вЧЛ,вЧЛ,вЧЛ,,
38,305500,вЧЛ,вЧЛ,вЧЛ,вЧЛ,вЧЛ,,
39,307000,вЧЛ,вЧЛ,вЧЛ,вЧЛ,вЧЛ,,
40,308500,вЧЛ,вЧЛ,вЧЛ,вЧЛ,вЧЛ,вЧЛ,вЧЛ
41,310000,вЧЛ,вЧЛ,вЧЛ,вЧЛ,вЧЛ,вЧЛ,вЧЛ
42,311500,вЧЛ,вЧЛ,вЧЛ,вЧЛ,вЧЛ,вЧЛ,вЧЛ
43,313000,вЧЛ,вЧЛ,вЧЛ,вЧЛ,вЧЛ,вЧЛ,вЧЛ
44,314500,вЧЛ,вЧЛ,вЧЛ,вЧЛ,вЧЛ,вЧЛ,вЧЛ
45,316000,вЧЛ,вЧЛ,вЧЛ,вЧЛ,вЧЛ,вЧЛ,вЧЛ
46,317500,вЧЛ,вЧЛ,вЧЛ,вЧЛ,вЧЛ,вЧЛ,вЧЛ
47,319000,вЧЛ,вЧЛ,вЧЛ,вЧЛ,вЧЛ,вЧЛ,вЧЛ
48,320500,вЧЛ,вЧЛ,вЧЛ,вЧЛ,вЧЛ,вЧЛ,вЧЛ
49,322000,вЧЛ,вЧЛ,вЧЛ,вЧЛ,вЧЛ,вЧЛ,вЧЛ
50,323500,вЧЛ,вЧЛ,вЧЛ,вЧЛ,вЧЛ,вЧЛ,вЧЛ
51,325000,,вЧЛ,вЧЛ,вЧЛ,вЧЛ,вЧЛ,вЧЛ
52,326500,,вЧЛ,вЧЛ,вЧЛ,вЧЛ,вЧЛ,вЧЛ
53,328000,,вЧЛ,вЧЛ,вЧЛ,вЧЛ,вЧЛ,вЧЛ
54,329500,,вЧЛ,вЧЛ,вЧЛ,вЧЛ,вЧЛ,вЧЛ
55,331000,,вЧЛ,вЧЛ,вЧЛ,вЧЛ,вЧЛ,вЧЛ
56,332500,,вЧЛ,вЧЛ,вЧЛ,вЧЛ,вЧЛ,вЧЛ
57,334000,,вЧЛ,вЧЛ,вЧЛ,вЧЛ,вЧЛ,вЧЛ
58,335500,,вЧЛ,вЧЛ,вЧЛ,вЧЛ,вЧЛ,вЧЛ
59,337000,,вЧЛ,вЧЛ,вЧЛ,вЧЛ,вЧЛ,вЧЛ
60,338500,,вЧЛ,вЧЛ,вЧЛ,вЧЛ,вЧЛ,вЧЛ
61,340000,,вЧЛ,вЧЛ,вЧЛ,вЧЛ,вЧЛ,вЧЛ
62,341500,,вЧЛ,вЧЛ,вЧЛ,вЧЛ,вЧЛ,вЧЛ
63,343000,,вЧЛ,вЧЛ,вЧЛ,вЧЛ,вЧЛ,вЧЛ
64,344500,,вЧЛ,вЧЛ,вЧЛ,вЧЛ,вЧЛ,вЧЛ
65,346000,,вЧЛ,вЧЛ,вЧЛ,вЧЛ,вЧЛ,вЧЛ
66,347500,,вЧЛ,вЧЛ,вЧЛ,вЧЛ,вЧЛ,вЧЛ
67,349000,,вЧЛ,вЧЛ,вЧЛ,вЧЛ,вЧЛ,вЧЛ
68,350500,,вЧЛ,вЧЛ,вЧЛ,вЧЛ,вЧЛ,вЧЛ
69,352000,,вЧЛ,вЧЛ,вЧЛ,вЧЛ,вЧЛ,вЧЛ
70,353500,,вЧЛ,вЧЛ,вЧЛ,вЧЛ,вЧЛ,вЧЛ
71,355000,,,вЧЛ,вЧЛ,вЧЛ,вЧЛ,вЧЛ
72,356500,,,вЧЛ,вЧЛ,вЧЛ,вЧЛ,вЧЛ
73,358000,,,вЧЛ,вЧЛ,вЧЛ,вЧЛ,вЧЛ
74,359500,,,вЧЛ,вЧЛ,вЧЛ,вЧЛ,вЧЛ
75,361000,,,вЧЛ,вЧЛ,вЧЛ,вЧЛ,вЧЛ
76,362500,,,вЧЛ,вЧЛ,вЧЛ,вЧЛ,вЧЛ
77,364000,,,вЧЛ,вЧЛ,вЧЛ,вЧЛ,вЧЛ
78,365500,,,вЧЛ,вЧЛ,вЧЛ,вЧЛ,вЧЛ
79,367000,,,вЧЛ,вЧЛ,вЧЛ,вЧЛ,вЧЛ
80,368500,,,вЧЛ,вЧЛ,вЧЛ,вЧЛ,вЧЛ
81,370000,,,,вЧЛ,вЧЛ,вЧЛ,вЧЛ
82,371500,,,,вЧЛ,вЧЛ,вЧЛ,вЧЛ
83,373000,,,,вЧЛ,вЧЛ,вЧЛ,вЧЛ
84,374500,,,,вЧЛ,вЧЛ,вЧЛ,вЧЛ
85,376000,,,,вЧЛ,вЧЛ,вЧЛ,вЧЛ
86,377500,,,,вЧЛ,вЧЛ,вЧЛ,вЧЛ
87,379000,,,,вЧЛ,вЧЛ,вЧЛ,вЧЛ
88,380500,,,,вЧЛ,вЧЛ,вЧЛ,вЧЛ
89,382000,,,,вЧЛ,вЧЛ,вЧЛ,вЧЛ
90,383500,,,,вЧЛ,вЧЛ,вЧЛ,вЧЛ
91,385000,,,,,вЧЛ,вЧЛ,вЧЛ
92,386500,,,,,вЧЛ,вЧЛ,вЧЛ
93,388000,,,,,вЧЛ,вЧЛ,вЧЛ
94,389500,,,,,вЧЛ,вЧЛ,вЧЛ
95,391000,,,,,вЧЛ,вЧЛ,вЧЛ
96,392500,,,,,вЧЛ,вЧЛ,вЧЛ
97,394000,,,,,вЧЛ,вЧЛ,вЧЛ
98,395500,,,,,вЧЛ,вЧЛ,вЧЛ
99,397000,,,,,вЧЛ,вЧЛ,вЧЛ
100,398500,,,,,вЧЛ,вЧЛ,вЧЛ
101,400000,,,,,,вЧЛ,вЧЛ
102,401500,,,,,,вЧЛ,вЧЛ
103,403000,,,,,,вЧЛ,вЧЛ
104,404500,,,,,,вЧЛ,вЧЛ
105,406000,,,,,,вЧЛ,вЧЛ
106,407500,,,,,,вЧЛ,вЧЛ
107,409000,,,,,,вЧЛ,вЧЛ
108,410500,,,,,,вЧЛ,вЧЛ
109,412000,,,,,,вЧЛ,вЧЛ
110,413500,,,,,,вЧЛ,вЧЛ
111,415000,,,,,,вЧЛ,вЧЛ
112,416500,,,,,,вЧЛ,вЧЛ
113,418000,,,,,,вЧЛ,вЧЛ
114,419500,,,,,,вЧЛ,вЧЛ
115,421000,,,,,,вЧЛ,вЧЛ
116,422500,,,,,,вЧЛ,вЧЛ
117,424000,,,,,,вЧЛ,вЧЛ
118,425500,,,,,,вЧЛ,вЧЛ
119,427000,,,,,,вЧЛ,вЧЛ
120,428500,,,,,,вЧЛ,вЧЛ
121,430000,,,,,,вЧЛ,вЧЛ
122,431500,,,,,,вЧЛ,вЧЛ
123,433000,,,,,,вЧЛ,вЧЛ
124,434500,,,,,,вЧЛ,вЧЛ
125,436000,,,,,,вЧЛ,вЧЛ
126,437500,,,,,,вЧЛ,вЧЛ
127,439000,,,,,,вЧЛ,вЧЛ
128,440500,,,,,,вЧЛ,вЧЛ
129,442000,,,,,,вЧЛ,вЧЛ
130,443500,,,,,,вЧЛ,вЧЛ
131,445000,,,,,,вЧЛ,вЧЛ
132,446500,,,,,,вЧЛ,вЧЛ
133,448000,,,,,,вЧЛ,вЧЛ
134,449500,,,,,,вЧЛ,вЧЛ
135,451000,,,,,,вЧЛ,вЧЛ
136,452500,,,,,,вЧЛ,вЧЛ
137,454000,,,,,,вЧЛ,вЧЛ
138,455500,,,,,,вЧЛ,вЧЛ
139,457000,,,,,,вЧЛ,вЧЛ
140,458500,,,,,,вЧЛ,вЧЛ
141,460000,,,,,,вЧЛ,вЧЛ
142,461500,,,,,,вЧЛ,вЧЛ
143,463000,,,,,,вЧЛ,вЧЛ
144,464500,,,,,,вЧЛ,вЧЛ
145,466000,,,,,,вЧЛ,вЧЛ
146,467500,,,,,,вЧЛ,вЧЛ
147,469000,,,,,,вЧЛ,вЧЛ
148,470500,,,,,,вЧЛ,вЧЛ
149,472000,,,,,,вЧЛ,вЧЛ
150,473500,,,,,,вЧЛ,вЧЛ
151,475000,,,,,,вЧЛ,вЧЛ
152,476500,,,,,,вЧЛ,вЧЛ
153,478000,,,,,,вЧЛ,вЧЛ
154,479500,,,,,,вЧЛ,вЧЛ
155,481000,,,,,,вЧЛ,вЧЛ
156,482500,,,,,,вЧЛ,вЧЛ
157,484000,,,,,,вЧЛ,вЧЛ
158,485500,,,,,,вЧЛ,вЧЛ
159,487000,,,,,,вЧЛ,вЧЛ
160,488500,,,,,,вЧЛ,вЧЛ
161,490000,,,,,,вЧЛ,вЧЛ
162,491500,,,,,,вЧЛ,вЧЛ
163,493000,,,,,,вЧЛ,вЧЛ
164,494500,,,,,,вЧЛ,вЧЛ
165,496000,,,,,,вЧЛ,вЧЛ
166,497500,,,,,,вЧЛ,вЧЛ
167,499000,,,,,,вЧЛ,вЧЛ
168,500500,,,,,,вЧЛ,вЧЛ
169,502000,,,,,,вЧЛ,вЧЛ
170,503500,,,,,,вЧЛ,вЧЛ
171,505000,,,,,,вЧЛ,вЧЛ
172,506500,,,,,,вЧЛ,вЧЛ
173,508000,,,,,,вЧЛ,вЧЛ
174,509500,,,,,,вЧЛ,вЧЛ
175,511000,,,,,,вЧЛ,вЧЛ
176,512500,,,,,,вЧЛ,вЧЛ
177,514000,,,,,,вЧЛ,вЧЛ
178,515500,,,,,,вЧЛ,вЧЛ
179,517000,,,,,,вЧЛ,вЧЛ
180,518500,,,,,,вЧЛ,вЧЛ
181,520000,,,,,,вЧЛ,вЧЛ
182,521500,,,,,,вЧЛ,вЧЛ
183,523000,,,,,,вЧЛ,вЧЛ
184,524500,,,,,,вЧЛ,вЧЛ
185,526000,,,,,,вЧЛ,вЧЛ
186,527500,,,,,,вЧЛ,вЧЛ
187,529000,,,,,,вЧЛ,вЧЛ
188,530500,,,,,,вЧЛ,вЧЛ
189,532000,,,,,,вЧЛ,вЧЛ
190,533500,,,,,,вЧЛ,вЧЛ
191,535000,,,,,,вЧЛ,вЧЛ
192,536500,,,,,,вЧЛ,вЧЛ
193,538000,,,,,,вЧЛ,вЧЛ
194,539500,,,,,,вЧЛ,вЧЛ
195,541000,,,,,,вЧЛ,вЧЛ
196,542500,,,,,,вЧЛ,вЧЛ
197,544000,,,,,,вЧЛ,вЧЛ
198,545500,,,,,,вЧЛ,вЧЛ
199,547000,,,,,,вЧЛ,вЧЛ
200,548500,,,,,,вЧЛ,вЧЛ
